<?xml version="1.0" encoding="UTF-8" ?>
<!DOCTYPE mapper
PUBLIC "-//mybatis.org//DTD Mapper 3.0//EN"
"http://mybatis.org/dtd/mybatis-3-mapper.dtd">
<mapper namespace="com.ruoyi.wfm.mapper.WfmListFavoriteMapper">
    
    <resultMap type="WfmListFavorite" id="WfmListFavoriteResult">
        <result property="id"    column="id"    />
        <result property="wfmName"    column="wfm_name"    />
        <result property="wfmId"    column="wfm_id"    />
        <result property="userId"    column="user_id"    />
    </resultMap>

    <sql id="selectWfmListFavoriteVo">
        select id, wfm_name, wfm_id, user_id from wfm_list_favorite
    </sql>

    <select id="selectWfmListFavoriteList" parameterType="WfmListFavorite" resultMap="WfmListFavoriteResult">
        <include refid="selectWfmListFavoriteVo"/>
        <where>  
            <if test="wfmName != null  and wfmName != ''"> and wfm_name like concat('%', #{wfmName}, '%')</if>
            <if test="wfmId != null "> and wfm_id = #{wfmId}</if>
            <if test="userId != null "> and user_id = #{userId}</if>
        </where>
    </select>
    
    <select id="selectWfmListFavoriteById" parameterType="Long" resultMap="WfmListFavoriteResult">
        <include refid="selectWfmListFavoriteVo"/>
        where id = #{id}
    </select>
        
    <insert id="insertWfmListFavorite" parameterType="WfmListFavorite" useGeneratedKeys="true" keyProperty="id">
        insert into wfm_list_favorite
        <trim prefix="(" suffix=")" suffixOverrides=",">
            <if test="wfmName != null and wfmName != ''">wfm_name,</if>
            <if test="wfmId != null">wfm_id,</if>
            <if test="userId != null">user_id,</if>
         </trim>
        <trim prefix="values (" suffix=")" suffixOverrides=",">
            <if test="wfmName != null and wfmName != ''">#{wfmName},</if>
            <if test="wfmId != null">#{wfmId},</if>
            <if test="userId != null">#{userId},</if>
         </trim>
    </insert>

    <update id="updateWfmListFavorite" parameterType="WfmListFavorite">
        update wfm_list_favorite
        <trim prefix="SET" suffixOverrides=",">
            <if test="wfmName != null and wfmName != ''">wfm_name = #{wfmName},</if>
            <if test="wfmId != null">wfm_id = #{wfmId},</if>
            <if test="userId != null">user_id = #{userId},</if>
        </trim>
        where id = #{id}
    </update>

    <delete id="deleteWfmListFavoriteById" parameterType="Long">
        delete from wfm_list_favorite where id = #{id}
    </delete>

    <delete id="deleteWfmListFavoriteByIds" parameterType="String">
        delete from wfm_list_favorite where id in 
        <foreach item="id" collection="array" open="(" separator="," close=")">
            #{id}
        </foreach>
    </delete>

</mapper>