<?xml version="1.0" encoding="UTF-8" ?>
<!DOCTYPE mapper
PUBLIC "-//mybatis.org//DTD Mapper 3.0//EN"
"http://mybatis.org/dtd/mybatis-3-mapper.dtd">
<mapper namespace="com.ruoyi.system.mapper.WfmBtnConfigMapper">
    
    <resultMap type="WfmBtnConfig" id="WfmBtnConfigResult">
        <result property="id"    column="id"    />
        <result property="name"    column="name"    />
        <result property="type"    column="type"    />
        <result property="url"    column="url"    />
        <result property="jobName"    column="job_name"    />
        <result property="tokenType"    column="token_type"    />
        <result property="jenkinsParam"    column="jenkins_param"    />
        <result property="cmdParam"    column="cmd_param"    />
        <result property="updateTime"    column="update_time"    />
    </resultMap>

    <sql id="selectWfmBtnConfigVo">
        select id, name, type, url, job_name, token_type, jenkins_param, cmd_param, update_time from wfm_btn_config
    </sql>

    <select id="selectWfmBtnConfigList" parameterType="WfmBtnConfig" resultMap="WfmBtnConfigResult">
        <include refid="selectWfmBtnConfigVo"/>
        <where>  
            <if test="name != null  and name != ''"> and name like concat('%', #{name}, '%')</if>
            <if test="type != null  and type != ''"> and type = #{type}</if>
            <if test="url != null  and url != ''"> and url = #{url}</if>
            <if test="jobName != null  and jobName != ''"> and job_name like concat('%', #{jobName}, '%')</if>
            <if test="tokenType != null  and tokenType != ''"> and token_type = #{tokenType}</if>
            <if test="jenkinsParam != null  and jenkinsParam != ''"> and jenkins_param = #{jenkinsParam}</if>
            <if test="cmdParam != null  and cmdParam != ''"> and cmd_param = #{cmdParam}</if>
        </where>
    </select>
    
    <select id="selectWfmBtnConfigById" parameterType="Long" resultMap="WfmBtnConfigResult">
        <include refid="selectWfmBtnConfigVo"/>
        where id = #{id}
    </select>
        
    <insert id="insertWfmBtnConfig" parameterType="WfmBtnConfig" useGeneratedKeys="true" keyProperty="id">
        insert into wfm_btn_config
        <trim prefix="(" suffix=")" suffixOverrides=",">
            <if test="name != null and name != ''">name,</if>
            <if test="type != null and type != ''">type,</if>
            <if test="url != null">url,</if>
            <if test="jobName != null">job_name,</if>
            <if test="tokenType != null">token_type,</if>
            <if test="jenkinsParam != null">jenkins_param,</if>
            <if test="cmdParam != null">cmd_param,</if>
            <if test="updateTime != null">update_time,</if>
         </trim>
        <trim prefix="values (" suffix=")" suffixOverrides=",">
            <if test="name != null and name != ''">#{name},</if>
            <if test="type != null and type != ''">#{type},</if>
            <if test="url != null">#{url},</if>
            <if test="jobName != null">#{jobName},</if>
            <if test="tokenType != null">#{tokenType},</if>
            <if test="jenkinsParam != null">#{jenkinsParam},</if>
            <if test="cmdParam != null">#{cmdParam},</if>
            <if test="updateTime != null">#{updateTime},</if>
         </trim>
    </insert>

    <update id="updateWfmBtnConfig" parameterType="WfmBtnConfig">
        update wfm_btn_config
        <trim prefix="SET" suffixOverrides=",">
            <if test="name != null and name != ''">name = #{name},</if>
            <if test="type != null and type != ''">type = #{type},</if>
            <if test="url != null">url = #{url},</if>
            <if test="jobName != null">job_name = #{jobName},</if>
            <if test="tokenType != null">token_type = #{tokenType},</if>
            <if test="jenkinsParam != null">jenkins_param = #{jenkinsParam},</if>
            <if test="cmdParam != null">cmd_param = #{cmdParam},</if>
            <if test="updateTime != null">update_time = #{updateTime},</if>
        </trim>
        where id = #{id}
    </update>

    <delete id="deleteWfmBtnConfigById" parameterType="Long">
        delete from wfm_btn_config where id = #{id}
    </delete>

    <delete id="deleteWfmBtnConfigByIds" parameterType="String">
        delete from wfm_btn_config where id in 
        <foreach item="id" collection="array" open="(" separator="," close=")">
            #{id}
        </foreach>
    </delete>

</mapper>